first_name,numero_dni,last_name,email
Matty,33495362,Yeld,myeld0@topsy.com
Susanetta,11471718,Soughton,ssoughton1@wiley.com
Merilyn,34603340,Appleford,mappleford2@symantec.com
Kristien,74803902,Andreucci,kandreucci3@jimdo.com
Frederigo,48982022,Dilkes,fdilkes4@yellowbook.com
Jacky,54157057,Berriball,jberriball5@chronoengine.com
Annadiana,83907014,Trower,atrower6@spiegel.de
Trisha,84950505,Bourges,tbourges7@comsenz.com
Dean,93118773,Housecraft,dhousecraft8@behance.net
Tanner,41173047,Cranke,tcranke9@go.com
Minny,06486887,Ruzicka,mruzickaa@wunderground.com
Kele,97800390,Ritmeyer,kritmeyerb@oaic.gov.au
Dredi,61032099,Jencken,djenckenc@seattletimes.com
Hanson,26353262,Sterzaker,hsterzakerd@aboutads.info
Siana,88611350,Dashper,sdashpere@theglobeandmail.com
Giustino,45429296,Kempe,gkempef@google.nl
Sada,15402026,Pechold,specholdg@netlog.com
Moyra,42642469,Persey,mperseyh@wix.com
Lanette,90235521,Easeman,leasemani@columbia.edu
Lucien,35955437,Stollenbeck,lstollenbeckj@photobucket.com
